"(Intercept)","monocytes","eos","hemoglobin","albumin","monocytes:eos","monocytes:albumin"
-3.53688128374815,0.436085023349637,2.49723981596491,2.01903910731521,-0.117181541719092,-2.56584885436327,1.71198694350917
