"(Intercept)","monocytes","eos","hemoglobin","albumin","eos:albumin"
-1.09472813442786,0.535840130036868,0.44669776934306,0.496701819237344,0.158105241413678,-0.711737581524987
