"(Intercept)","monocytes","albumin","hemoglobin"
-3.16904510755505,1.42171654715188,1.17628485358535,1.75488240395417
