"(Intercept)","monocytes","eos","hemoglobin","albumin","eos:albumin"
-1.15714334011542,0.549222456526795,0.473840074416666,0.53186328705278,0.179288688807072,-0.798659288062695
