"(Intercept)","age50","durGrp(15,25]","durGrp(25,Inf]","Systemic_steroids_years_cat2(0,2]","Systemic_steroids_years_cat2(2,3]","narcotics_bin3","Immunomodulators_bin","ER.Report_bin","Telephone_cat(0,10]","Telephone_cat(10, Inf]","age50:Immunomodulators_bin","Systemic_steroids_years_cat2(0,2]:narcotics_bin3","Systemic_steroids_years_cat2(2,3]:narcotics_bin3","narcotics_bin3:Immunomodulators_bin"
-2.84540923822442,-0.084152655088766,0.0851579600162833,0.21566811047889,1.24880511794472,2.98504839578098,0.239049214752548,-0.628529934394238,0.290423737274456,0.594575444208818,0.983413213339039,0.46645460879931,-0.180753990863677,-0.812919133103359,0.522104486920456
