"","(Intercept)","unemployed","notMarried","Discharge.Summary_ave3","ER.Report_bin","Immunomodulators_bin","monocytes_bin3","hemoglobin_3years"
"(Intercept)",0.0520496772788127,-0.0106387513412768,-0.0242479689008416,0.00330311011125886,-0.00887913055939213,-0.0117501421257851,-0.0256944656704231,-0.00967768287490953
"unemployed",-0.0106387513412768,0.0440948516008445,-0.00487670124037998,0.00232064120931669,-0.00268346970867143,0.0041260075291589,-0.00738875034354666,0.000380150324429953
"notMarried",-0.0242479689008416,-0.00487670124037999,0.0466126540677205,-0.00313137149425074,-0.00953946190329541,-0.00684199614248534,0.00437967135125666,0.0127286247473633
"Discharge.Summary_ave3",0.00330311011125883,0.00232064120931669,-0.00313137149425072,0.0100986020787653,-0.00751716975353063,0.000491454814930399,-0.00637074859486367,-0.0100585420900967
"ER.Report_bin",-0.00887913055939213,-0.00268346970867145,-0.00953946190329541,-0.00751716975353064,0.0468418841832025,0.0025444517603287,-0.00528872805860307,0.000542851719837262
"Immunomodulators_bin",-0.0117501421257851,0.00412600752915891,-0.00684199614248535,0.000491454814930389,0.00254445176032872,0.0506004146469185,0.00169839036137895,-0.00968425568201424
"monocytes_bin3",-0.0256944656704231,-0.00738875034354665,0.00437967135125664,-0.00637074859486368,-0.00528872805860307,0.00169839036137892,0.054965668731556,-0.00328733530064875
"hemoglobin_3years",-0.00967768287490949,0.000380150324429942,0.0127286247473632,-0.0100585420900967,0.000542851719837239,-0.00968425568201425,-0.00328733530064877,0.0704768908635653
