"","(Intercept)","monocytes","albumin","hemoglobin"
"(Intercept)",0.113069029287208,-0.0483822161587815,-0.0184136098424427,-0.0633907534275521
"monocytes",-0.0483822161587817,0.106819740964704,-0.00677942127129589,-0.0187515705133521
"albumin",-0.0184136098424429,-0.00677942127129582,0.079372353376354,-0.0212280317128596
"hemoglobin",-0.0633907534275517,-0.0187515705133522,-0.0212280317128597,0.117573267154374
