"(Intercept)","monocytes","albumin","hemoglobin"
-2.82033170028405,1.16439206252434,1.4303438391376,1.25669314727789
