"(Intercept)","age50","durGrp(15,25]","durGrp(25,Inf]","Systemic_steroids_years_cat2(0,2]","Systemic_steroids_years_cat2(2,3]","narcotics_bin3","Immunomodulators_bin","ER.Report_bin","Telephone_cat(0,10]","Telephone_cat(10, Inf]","monocytes_fyears_cat2(2,3]","eos_fyears_cat2(1,3]","age50:Immunomodulators_bin","narcotics_bin3:Immunomodulators_bin"
-2.71351041772083,-0.0623706292167862,0.110542769979968,0.231663006155033,1.16156941210083,2.58494249541223,0.0830709670737564,-0.561945031257219,0.295955227021181,0.508262742109091,0.900650721257105,-0.329797424314827,0.314141689619012,0.433807248222948,0.435571754343524
