"(Intercept)","unemployed","notMarried","Discharge.Summary_ave3","ER.Report_bin","Immunomodulators_bin","monocytes_bin3","hemoglobin_3years"
-4.22415765583011,0.516609944684135,0.685746769296978,0.566712528559547,0.914320845125628,-0.392981428486259,0.526358439344397,0.362735089711789
