"(Intercept)","monocytes","eos","hemoglobin","albumin","monocytes:eos","monocytes:albumin"
-3.54912648335116,0.521696016912092,2.70302071319666,1.86026134042555,-0.177472857056279,-2.85751686794328,1.88996529155999
