"","(Intercept)","monocytes","albumin","hemoglobin"
"(Intercept)",0.193945422705991,-0.0627005972616189,-0.0132126182842896,-0.136445419490274
"monocytes",-0.0627005972616189,0.151163622839939,-0.00124511225970355,-0.0484003649190985
"albumin",-0.0132126182842895,-0.0012451122597036,0.104229681827567,-0.032883581863933
"hemoglobin",-0.136445419490274,-0.0484003649190985,-0.0328835818639329,0.220947199306502
