"","(Intercept)","monocytes","eos","hemoglobin","albumin","monocytes:eos","monocytes:albumin"
"(Intercept)",0.338931509010232,-0.130909656154514,-0.200270708557048,-0.209129905914133,-0.0853215487335647,0.187380474705911,0.10008241406714
"monocytes",-0.130909656154513,0.276760003976787,0.103518386936095,-0.0309933443166174,0.133653092312362,-0.151604553669946,-0.23355531422536
"eos",-0.200270708557048,0.103518386936095,0.3442420897866,0.0905982534922242,-0.0110202074315566,-0.317076069103418,0.0125092081673068
"hemoglobin",-0.209129905914132,-0.0309933443166176,0.0905982534922233,0.251284728777542,-0.0293352802061488,-0.0821671536118087,0.0233137681828062
"albumin",-0.0853215487335638,0.133653092312362,-0.0110202074315567,-0.0293352802061482,0.36010312005354,0.000258160994461285,-0.380773152802421
"monocytes:eos",0.187380474705911,-0.151604553669946,-0.317076069103418,-0.0821671536118095,0.000258160994460924,0.428947432438093,-0.0140676189313627
"monocytes:albumin",0.10008241406714,-0.233555314225361,0.0125092081673065,0.0233137681828053,-0.380773152802422,-0.0140676189313624,0.553194232068501
