"(Intercept)","hemoglobin","albumin","hemoglobin:albumin"
-2.14016106707087,1.62707488429789,2.48816582731629,-1.85297738639849
