"(Intercept)","hemoglobin","albumin","monocytes","eos","hemoglobin:albumin"
-2.30544505929252,1.06476225702303,1.97768345127413,0.746589563321488,0.349138624424693,-1.52705578379474
