"","(Intercept)","Systemic_steroids_years_cat(0,1]","Systemic_steroids_years_cat(1,2]","Systemic_steroids_years_cat(2,3]","Discharge.Summary_bin3","Office.Visit_cat(1, Inf]","Telephone_cat(1,10]","Telephone_cat(10, Inf]"
"(Intercept)",0.0189515171410418,-0.00653599951019046,-0.00572197402164853,-0.00509365892041474,-0.00224439947843386,-0.00728295839272596,-0.00901775452159133,-0.00653425565706667
"Systemic_steroids_years_cat(0,1]",-0.00653599951019047,0.0253400861099511,0.0160548580416266,0.0136749469152201,-0.00220540567249137,-0.00387091397695654,-0.00305263772869393,-0.00274204071674515
"Systemic_steroids_years_cat(1,2]",-0.00572197402164854,0.0160548580416266,0.0382480414233579,0.0186050633202319,-0.00623384311603972,-0.00494942373172002,-0.00259951654015654,-0.00703773473957803
"Systemic_steroids_years_cat(2,3]",-0.00509365892041476,0.0136749469152201,0.0186050633202319,0.0572887874196319,-0.0072457843092123,-0.00405602436479705,-0.00273582474552753,-0.00911790738035739
"Discharge.Summary_bin3",-0.00224439947843386,-0.00220540567249137,-0.00623384311603972,-0.0072457843092123,0.027636360330378,-0.00121054506328306,-0.000193700639240127,-0.00619708560754934
"Office.Visit_cat(1, Inf]",-0.00728295839272595,-0.00387091397695652,-0.00494942373172001,-0.00405602436479705,-0.00121054506328306,0.0245101729179546,-0.00850346884364509,-0.0121286851716708
"Telephone_cat(1,10]",-0.00901775452159135,-0.00305263772869393,-0.00259951654015654,-0.00273582474552753,-0.000193700639240116,-0.00850346884364507,0.0245105328284717,0.0204458175332427
"Telephone_cat(10, Inf]",-0.00653425565706669,-0.00274204071674515,-0.00703773473957803,-0.00911790738035738,-0.00619708560754933,-0.0121286851716708,0.0204458175332427,0.054152529913208
