"","(Intercept)","hemoglobin","albumin","monocytes","eos"
"(Intercept)",0.0183291177318846,-0.00829183415188252,-0.00464509824378703,-0.00657804997700221,-0.00569638395669634
"hemoglobin",-0.00829183415188252,0.0328659358637534,-0.00739619275633043,-0.00708549985364652,-0.00141950874493848
"albumin",-0.00464509824378703,-0.00739619275633043,0.0502666295187629,-0.00589373202305506,-0.00539120637596726
"monocytes",-0.00657804997700222,-0.00708549985364652,-0.00589373202305506,0.0343503580145647,-0.00593354119686614
"eos",-0.00569638395669634,-0.00141950874493847,-0.00539120637596726,-0.00593354119686614,0.0431644213443045
