"","(Intercept)","hemoglobin","albumin","monocytes","eos"
"(Intercept)",0.0184204093099938,-0.00813186484722273,-0.00484641805287635,-0.0060784850390391,-0.00609757824958571
"hemoglobin",-0.00813186484722273,0.0326938771183288,-0.00721780198256193,-0.00729557522401023,-0.00183589261858129
"albumin",-0.00484641805287635,-0.00721780198256193,0.0496349372466818,-0.00490662230139844,-0.00425723969354015
"monocytes",-0.0060784850390391,-0.00729557522401024,-0.00490662230139844,0.0324994352300053,-0.00428732203043665
"eos",-0.00609757824958571,-0.0018358926185813,-0.00425723969354015,-0.00428732203043664,0.0381157919505734
