"(Intercept)","age","duration_cat(5,25]","duration_cat(25, Inf]","Discharge.Summary_bin","ER.Report_bin","Telephone_cat[10, Inf]","narcotics_bin3","Immunomodulators_bin3","age:duration_cat(5,25]","age:duration_cat(25, Inf]","Discharge.Summary_bin:ER.Report_bin"
-2.14555485902688,-0.0345319980540847,-1.44796556876118,-3.75209585052149,1.66198117504601,1.11304987247968,0.882787896249907,0.403902501592154,-0.281598806950433,0.0185919834368129,0.0670870616128699,-1.05158888013061
