"(Intercept)","hemoglobin","albumin","monocytes"
-2.76494269165477,1.43480634986546,0.713643861866484,1.10366560803717
