"(Intercept)","hemoglobin","albumin","monocytes","hemoglobin:monocytes"
-3.26846312312146,2.21438545664256,0.596935961886583,2.67046284253615,-2.23576412709276
