"(Intercept)","unemployed","tobaccoEver","family_hx","duration","colectomy_bin3","ER.Report_bin","Office.Visit_cat(1, Inf]","Telephone_cat[10, Inf]","eos_bin3","albumin_bin3","eos_bin3:albumin_bin3"
-4.67182824821915,0.142311005845476,0.401876420829997,0.560624192727144,0.0122735108738823,0.769222005803472,0.446255800284516,1.08103393620797,0.652004110245309,0.918719709371098,0.871369526787331,-1.18483820916201
