"(Intercept)","hemoglobin","albumin","monocytes","eos"
-1.10866238552349,0.458597471552385,0.460001698787235,0.573420726317527,0.411104291558608
