"(Intercept)","hemoglobin","albumin","monocytes","eos"
-1.12754852932298,0.435324220950144,0.470748147593952,0.571209169126764,0.402533115757389
