"","(Intercept)","hemoglobin","albumin","hemoglobin:albumin"
"(Intercept)",0.176617465417371,-0.167415382943163,-0.164576434551625,0.167244194244619
"hemoglobin",-0.167415382943163,0.23883070564332,0.153206804432917,-0.20551913780734
"albumin",-0.164576434551625,0.153206804432916,0.850698602433055,-0.902690885445214
"hemoglobin:albumin",0.167244194244619,-0.20551913780734,-0.902690885445214,1.15775152202674
