"","(Intercept)","hemoglobin","albumin","monocytes"
"(Intercept)",0.130058913547705,-0.0946485683833544,-0.0134147424006392,-0.0480135264255363
"hemoglobin",-0.0946485683833546,0.226186228450238,-0.00217921127497918,-0.0799087239729482
"albumin",-0.0134147424006391,-0.00217921127497912,0.144658841099043,-0.0483050692298324
"monocytes",-0.0480135264255362,-0.0799087239729484,-0.0483050692298324,0.199813723274918
